03f58e1e-132c-4e57-aa96-e987c8ed181f, Greeting and assistance offer
03f58e1e-132c-4e57-aa96-e987c8ed181f, TL;DR Meaning Explanation
e38a3186-76d2-4927-b11a-1b9d26a9f5b2, 5-Day Shimla Itinerary
03f58e1e-132c-4e57-aa96-e987c8ed181f, TL;DR Explained
04bb5d4e-bf1a-4dca-a69c-3996e058e284, Sweet taste explained
e38a3186-76d2-4927-b11a-1b9d26a9f5b2, 5-Day Shimla Itinerary
853d5992-dec3-4fce-ace3-75a7507fb30f, Thank You Email Response
04bb5d4e-bf1a-4dca-a69c-3996e058e284, Sweet Taste Explanation
e38a3186-76d2-4927-b11a-1b9d26a9f5b2, Shimla Trip Itinerary
03f58e1e-132c-4e57-aa96-e987c8ed181f, TL;DR Explanation
8c7b4970-97ae-4a98-a1a9-e3fd61b214f1, Weather and Calculator Access
8c7b4970-97ae-4a98-a1a9-e3fd61b214f1, Weather and calculator access
8c7b4970-97ae-4a98-a1a9-e3fd61b214f1, Limited Access Capabilities
03f58e1e-132c-4e57-aa96-e987c8ed181f, TL;DR Definition and Usage
eb1a4247-7f27-4396-aff7-962f1f173c0f, Memory vs History
dce9b7de-e211-4170-884d-da356ac17b62, Introduction and Assistance
f8fb11b8-144f-4732-9bc3-6f0265f405f6, Assistance Offered
3b942efb-4ce1-4ac1-8e7b-08814ea91a83, Assistance Requested
a2b9e78b-d6dc-44c5-80e7-35b7043e7061, Apple Stock Price Today
a2b9e78b-d6dc-44c5-80e7-35b7043e7061, Stock Prices for Today
a2b9e78b-d6dc-44c5-80e7-35b7043e7061, Stock Prices for Today
